List,Target,Result
[34],34,"True
"
"[17, -28, -64]",-92,"True
"
"[21, 26, 0, 41, 22]",69,"True
"
"[-9, 39, 49, -24, -48, 15, 74]",39,"True
"
"[-75, 74, 55, 90, 51, 50, 97, -87, 82]",319,"True
"
"[-49, -7, 60, -71, 6, 58, -55, 36, 93, 64, -26]",-43,"True
"
"[28, 82, -27, 74, -72, 92, 92, 29, 4, -68, 15, 73, 6]",1000000,"False
"
"[-50, 48, 6, -22, 51, 60, -92, -77, -37, 38, 37, 3, 52, 53, -95]",1000000,"False
"
"[84, -66, 92, 9, 71, 66, -61, 94, 13, 75, 9, -84, -28, 59, -28, -94, -19]",16,"True
"
"[24, 53, 48, -97, 19, 13, -73, 58, 15, 41, 71, 70, -78, -11, 6, -12, -54, 37, 59]",249,"True
"
"[85, -64, 36, -24, -56, -93, -51, -13, -74, -45, -42, 96, 91, -18, 46, 10, -51, -88, 59, 22, 96]",1000000,"False
"
"[53, 2, -64, 17, -45, -60, 6, -73, 50, 4, -25, -89, -48, 85, 29, 71, -94, 25, 24, -95, 87, 3, 29]",1000000,"False
"
"[-96, 65, -9, 49, 90, 86, -48, 6, -15, -41, -63, 29, 47, 35, 58, -83, -32, 22, -35, -89, -40, 70, 60, -83, -43]",-152,"True
"
"[43, 42, 40, -71, 38, -17, 91, 22, -86, -92, -62, 15, -86, 36, -92, 33, 17, 47, 23, -9, -26, -96, 87, 93, 13, -69, -52]",137,"True
"
"[-15, -73, -94, 73, -55, 64, -93, -36, -30, -52, 31, -92, -5, -64, 23, 15, 80, -94, 70, -60, -27, 49, 11, -27, 16, 21, 91, 42, -5]",-303,"True
"
"[65, 31, 43, -7, 37, -27, -40, -35, 87, -31, 25, 35, 70, -47, -76, 70, -60, 43, -86, -49, 34, 50, 37, 14, 36, 60, -58, 41, 12, -18, -17]",1000000,"False
"
"[35, 54, -34, -49, 93, 86, 20, 43, 56, -25, -88, -49, -66, 85, 56, 67, 92, 42, -4, -77, -77, 24, 81, -77, -77, 21, -81, 20, -17, 19, 21, -85, 2]",-163,"True
"
"[-60, 57, 48, -8, -21, 18, -19, 73, 71, 54, -40, -37, -85, 37, 89, 92, -23, -33, 28, 33, -98, -2, -77, -18, 96, -41, -47, 18, 40, 13, 1, -22, 54, -45, 92]",65,"True
"
"[87, -5, 15, -45, -35, -2, 0, -25, -96, -89, 67, -25, -50, -60, 75, 30, -84, 100, -15, 60, 20, 24, -8, -7, -60, -58, -7, -14, -100, -46, 47, -26, 19, -33, -6, -55, -42]",-170,"True
"
"[78, -92, -92, 46, 93, 15, 84, -5, 7, 95, -16, -23, -22, -71, -79, -7, -80, -62, 85, -71, -90, -61, -50, 47, -85, -64, 67, 17, 48, -7, -38, -27, 29, -100, 35, -78, -35, -19, -56]",-360,"True
"
"[36, -93, 91, 71, -1, -89, 35, 10, 53, 23, 18, -84, -79, 95, 4, 66, 74, 27, -99, 54, 96, 21, -16, -26, -23, -23, -22, 54, 29, 31, 53, 75, 49, 60, 12, -43, 98, -23, -41, 71, 80]",115,"True
"
"[-89, -39, -90, 44, -8, -27, 94, 66, 70, -88, -43, 45, -94, 63, 11, -71, -36, 94, 21, -36, -33, -76, 40, -15, -8, -69, 63, 59, -15, 39, 33, 13, 28, -54, -89, 5, -19, -96, -52, -92, 20, 78, 50]",-60,"True
"
"[-46, 68, 23, -86, 80, 18, 46, 85, 52, -98, 49, 91, 78, 31, 63, -76, 18, 62, 22, -21, 2, 32, 26, 87, -35, -41, -95, 36, -12, 19, 95, -24, -20, -45, 100, 23, 61, -90, 73, -39, 34, 26, -42, -78, 32]",-17,"True
"
"[-4, -86, -45, 54, -73, 20, 19, 56, 94, -46, -21, -6, -49, 98, -57, -81, 38, 69, -15, -30, -25, -69, -13, -67, 34, 34, 26, 66, -5, -52, -8, 24, 47, -54, 47, 96, 24, -90, -57, 36, 82, 65, 66, -80, -90, -100, 89]",1000000,"False
"
"[85, 25, 60, 4, 77, 94, 66, 37, -54, 5, -16, -23, -57, 64, 92, 19, -27, -75, 17, -61, 60, 31, -6, -72, 0, -24, 99, 51, -60, 61, -68, -38, 1, -34, 78, 23, -7, 31, -77, 52, 61, 4, -19, -67, 21, 64, -14, -56, -56]",240,"True
"
[-33],-33,"True
"
"[-97, -91, -7]",-188,"True
"
"[70, 95, 46, -69, -4]",-73,"True
"
"[-41, 40, -72, 28, 55, -9, 52]",1000000,"False
"
"[5, -83, 56, 32, -61, 83, 17, -85, 1]",-96,"True
"
"[-48, -96, -10, 79, 33, 39, 54, -29, 41, 37, -37]",38,"True
"
"[-38, 100, -38, -27, -75, 79, -2, 0, 59, 8, -94, -55, -41]",1000000,"False
"
"[29, -3, 22, -6, 34, -64, 41, -24, 3, -64, -67, -83, -16, -62, 88]",-138,"True
"
"[85, 49, -44, -63, 40, -30, 78, -49, -86, 13, -67, 5, 11, 38, -54, -84, -92]",75,"True
"
"[37, -74, 96, 71, 51, 83, -69, 93, -93, -85, 8, -85, 65, -9, 91, -85, -7, -7, 48]",78,"True
"
"[-21, 29, 10, 5, 64, -99, 7, 20, -21, -59, 20, 57, -58, 57, 84, 15, -99, -61, -90, -94, 47]",-308,"True
"
"[-25, 11, -86, -79, -80, -17, 95, -54, -60, -94, -19, 82, 41, 56, 85, 92, 28, -12, 0, -34, 33, 29, -56]",16,"True
"
"[14, -77, 74, -30, -42, -51, 76, 81, 99, 11, 48, -51, 60, 98, 58, 80, -46, 7, -28, -10, 99, -60, 18, 29, 26]",60,"True
"
"[-83, 49, 56, -9, 16, 39, 43, -68, -1, 45, 10, 52, -43, -57, -60, 94, -58, -55, -66, -43, -87, -13, -54, -10, 17, 15, 87]",-240,"True
"
"[47, -52, 81, -100, 60, 73, -91, 42, -88, -24, -18, -40, 45, 43, -38, 83, 79, -53, -87, 29, 20, 44, 60, -62, -94, 21, 89, -59, 6]",-223,"True
"
"[-18, 62, -11, -69, -6, 71, -6, 16, 74, -60, -65, -35, -89, -72, -98, 29, -89, -75, -51, -90, -87, 38, 9, -30, 56, -72, 84, 77, 73, -57, 25]",-354,"True
"
"[32, -20, -92, 35, -42, -88, 48, 12, -57, 55, -10, 54, -33, -31, -30, 27, 39, -69, -78, 99, 70, -11, -59, -19, 4, 11, -48, -27, 87, -5, -10, -89, 79]",27,"True
"
"[-91, -18, -81, -28, -78, -36, 97, -98, 11, -91, -18, -40, -15, 93, 34, -86, 61, 46, 37, 30, 58, -82, 8, -66, 30, 26, 65, 34, -2, -69, -69, 65, 75, 37, 4]",1000000,"False
"
"[99, 53, 84, -96, 66, 53, 29, 95, 70, 9, 26, 96, -70, -56, 32, 95, 9, -16, -97, -64, -66, -35, 77, 95, 35, 81, -26, 17, 17, -53, 21, -14, -8, 5, -94, 29, 74]",502,"True
"
"[91, 58, 96, 89, 5, 62, 37, 7, 64, -55, -47, -62, -35, 20, -80, 16, -76, 85, 38, 75, -18, 6, 43, -94, 45, 83, 49, -76, -60, -77, 13, -7, -99, 75, 19, 28, -50, -31, 76]",44,"True
"
"[70, 17, 26, 58, -10, 91, 64, 1, 72, -56, -76, -57, 33, 36, -4, 46, -83, 46, -69, 57, -22, -39, -82, 95, 2, 20, 74, 64, -100, -91, 10, 35, 87, -2, 52, -17, -55, -36, 52, 43, -52]",389,"True
"
"[-74, -49, -10, -26, -35, -27, -25, 7, -73, 72, -93, -84, -45, -21, -25, -15, 27, -88, 46, 7, 70, 28, -55, -98, -32, -72, -35, 14, 52, -69, 30, -75, -91, -76, 18, 56, -63, -29, 13, 49, 9, 54, 80]",-552,"True
"
"[-82, 21, -75, -65, -12, 63, -37, 51, -41, 82, -52, -87, 58, -87, -17, 95, 25, -13, -17, 87, 90, 8, -8, 1, 85, 95, -71, -45, -84, -47, 88, 29, -48, -77, -36, -72, 91, -10, -57, 25, 39, 9, -65, 58, 10]",1000000,"False
"
"[73, -47, 73, 63, -40, 91, 68, -75, 38, -35, 57, 45, -11, -27, -75, -67, -79, -12, -21, 52, -58, -92, -49, -32, 85, -23, 79, 2, 8, -84, -86, -12, -9, 7, 9, 53, 40, -82, 42, -75, -10, 8, 91, -58, 93, 72, -23]",-174,"True
"
"[-1, 2, -5, -77, 22, -19, 4, -27, -81, -11, 73, -68, -74, 16, -33, -34, -52, 39, -95, -85, 37, -12, -56, 79, -24, -24, -32, 54, 29, 84, -12, -87, -12, -30, -100, -50, 57, -73, -66, 48, -8, -61, 64, 33, -58, 38, 6, 98, -54]",-184,"True
"
[31],31,"True
"
"[97, -58, -4]",97,"True
"
"[42, 43, -97, -4, 3]",38,"True
"
"[-43, -70, -72, -56, -53, 95, 18]",1000000,"False
"
"[-16, 77, 74, 92, 40, -11, -99, -65, 61]",1000000,"False
"
"[19, -5, 50, 18, -61, 92, 17, 0, 83, -17, -61]",-66,"True
"
"[8, -41, 30, -23, -83, -73, -48, 3, -58, 19, 34, 81, -39]",-49,"True
"
"[-40, -79, 12, -65, 57, -49, -10, 92, -9, 81, -16, -4, -1, -44, -68]",101,"True
"
"[-87, 88, -58, 0, -46, 40, -4, 75, 28, -72, 7, -7, 72, -11, -94, 29, -95]",-213,"True
"
"[67, -11, 17, -46, 93, 43, -13, 66, -98, -64, 1, -2, 76, 89, 43, -96, -73, -82, -41]",1000000,"False
"
"[77, -75, 66, -60, -72, 26, -70, -5, 69, -23, 9, 88, 58, -36, 46, -66, 32, 86, -56, 21, 8]",32,"True
"
"[-91, -44, -39, 84, 23, -66, 95, -55, 56, 12, -45, -24, -4, -11, 89, -42, 62, -58, -42, 48, 23, -35, 28]",1000000,"False
"
"[74, 48, -41, 58, -76, -39, -49, -100, -60, 64, 60, -91, -63, -36, -25, 10, -82, 68, -82, 26, -71, -43, 43, -44, -86]",-435,"True
"
"[-88, -98, 31, -88, -85, 12, -2, 7, 3, 29, -77, -62, 73, 39, 70, -54, 100, 69, 84, -65, 52, 40, -39, -86, -39, -18, 40]",1000000,"False
"
"[-11, -21, -7, 13, 34, 79, -23, -24, 41, -88, 17, 33, -42, 27, -37, -20, -97, 71, 79, -38, 20, -42, -30, 32, -14, -76, 43, 74, 28]",21,"True
"
"[41, 90, -70, 40, -46, 77, 71, 89, 13, -77, 100, -19, -85, 91, -62, -76, 35, -14, -57, 92, 53, -71, 71, 78, -66, 89, -97, 68, 15, -82, -7]",288,"True
"
"[94, -10, 53, -27, -98, 56, 57, -96, 71, -75, 43, -7, 48, -29, -84, 94, 29, -8, -19, 79, 86, -4, -94, 67, -75, -17, -86, 68, 45, 91, 44, 91, 15]",228,"True
"
"[56, -49, 92, 26, -98, 89, 14, 42, 23, 77, 55, -93, -58, 36, -15, -63, 61, -57, 38, 76, -34, -76, 98, 2, -41, -63, 85, 47, -80, 42, 78, -69, -91, 89, 12]",72,"True
"
"[86, 84, 88, 94, -62, -83, -92, 10, 65, -41, -25, 88, 69, -67, -23, -30, -42, 54, 25, 86, 43, -63, -46, -97, -82, 43, 0, 69, 5, -9, -62, 77, -39, -85, -30, 24, -23]",69,"True
"
"[-92, -58, 19, -3, 79, -79, -25, 9, 88, 100, -44, 49, 73, 26, -20, -16, 21, 62, 59, -73, -97, -61, -54, -7, -19, 91, 79, 54, -69, -79, -81, -81, -32, 40, -50, -92, 75, -34, 97]",86,"True
"
"[-30, -62, 13, -40, 20, -64, -35, -83, -11, 10, 37, -11, 85, 22, -8, -41, 34, 17, -80, -55, -49, -1, 55, 17, -85, -99, -14, 21, -96, 65, 68, 84, -69, 63, -78, 13, -63, 94, -84, -34, 8]",138,"True
"
"[-39, -81, 13, -79, -35, -38, 66, 24, 47, 67, 80, 72, -8, -15, 65, 34, 81, -90, -89, -6, 14, 52, -85, 86, 25, -47, 61, 74, 91, -74, -3, 12, -93, -25, -59, -78, 10, -16, 49, 3, -64, -19, -81]",1000000,"False
"
"[-58, 44, -81, -20, 78, -60, -53, 57, 6, 59, -5, -43, -94, 82, -68, -18, -14, -23, 94, -53, -12, -94, 41, -57, 30, 89, 5, 64, 53, 37, 35, 96, -18, 22, 15, -3, -60, -23, -70, 88, -97, 94, 43, 34, 10]",285,"True
"
"[-17, 62, -5, -61, -8, 50, 81, -17, -88, -86, -39, 64, 40, -87, 51, -90, -71, 78, 79, 54, -67, 40, 33, -37, 41, 58, -27, 37, -36, 48, -55, 73, 75, -41, -52, -38, 10, 36, 98, -22, 70, 40, -62, -93, -65, -20, -33]",105,"True
"
"[-96, -75, 56, 36, 67, 50, 26, -19, -73, 54, 79, 38, -63, 19, -66, 12, 82, 19, 60, -17, -33, -28, -30, 61, 82, 31, -70, -68, -3, 56, 53, -47, 96, -6, -10, -11, -38, 32, 62, -63, 38, 74, -56, 87, 6, -58, 95, 35, 19]",-79,"True
"
[80],80,"True
"
"[89, -33, 99]",89,"True
"
"[-90, -36, 95, 68, -15]",1000000,"False
"
"[83, 66, 50, -16, 5, 98, -10]",83,"True
"
"[39, 89, 55, 4, 39, 25, -89, 6, -18]",168,"True
"
"[-69, -74, 35, 18, 55, -41, 99, 90, -77, -58, 91]",-211,"True
"
"[49, 71, -84, 20, 72, -84, 9, 100, -67, 78, -99, -58, -42]",80,"True
"
"[-47, -22, 56, 89, 15, 62, 80, 48, -46, 90, -22, 87, -55, 17, 82]",347,"True
"
"[58, 43, -4, 48, -1, 75, 19, -50, -67, 15, 15, -97, 75, 90, -45, 45, 19]",185,"True
"
"[-66, 40, 5, 5, -16, 60, 70, -2, -20, 2, -84, -32, -21, -65, 65, -14, -52, -31, -71]",-53,"True
"
"[70, -44, 94, -63, 90, -84, -47, -63, 75, -89, -19, -20, 86, -10, 93, -38, 22, 71, 96, -86, -94]",71,"True
"
"[-67, -33, 12, 30, 70, 82, -53, -58, 8, 93, 86, -96, 19, -94, -3, -51, -33, 4, 65, 45, 15, 43, 84]",273,"True
"
"[15, 74, 85, -50, -12, 5, 64, 19, -58, -85, 9, -36, -83, 34, -31, 97, -96, 15, 23, 55, -12, -42, 76, 18, 92]",-75,"True
"
"[96, -30, 57, -66, -86, 6, -95, 50, 35, -84, 65, -68, -18, -58, 58, -36, 16, 44, 92, 55, -98, 69, -14, -43, 91, 99, 68]",280,"True
"
"[-2, 77, 86, 9, 37, -10, -37, 63, -88, 47, -55, 70, 96, -56, -21, 99, -56, 62, 61, 70, -77, -44, 83, 57, -14, 82, -18, 84, -3]",77,"True
"
"[72, -88, -52, -72, 19, -50, -11, -55, -44, -91, -9, 56, -30, 4, -60, -10, -32, -25, -98, 71, 88, 37, 70, 96, -83, 46, 65, 73, 42, -20, -37]",1000000,"False
"
"[-12, 57, 18, -39, 95, -56, 95, 99, -41, -19, 15, -41, -36, -49, -56, 24, 98, -19, -87, 60, 60, 72, 99, 17, -24, -20, 99, -98, -23, 51, 87, 80, -45]",1000000,"False
"
"[-2, -13, 6, 40, 75, 40, -33, 86, 52, 40, -9, 79, -20, -17, -82, -65, 14, -80, -52, -97, -70, 16, 63, 79, -86, 85, 73, -78, -69, -41, -18, -73, 33, 30, -92]",-333,"True
"
"[-21, -16, 46, 48, 32, 5, 27, 22, 2, -3, 4, 45, 7, -54, 19, 58, -35, -48, 94, -58, 91, 60, 83, -10, -59, 22, 76, -43, -12, 26, -84, -84, 9, 96, 33, 81, 53]",141,"True
"
"[-58, -48, -71, 16, 46, 30, -10, -100, -71, -89, -42, -24, -45, 36, -21, -36, 74, 59, -42, -94, 91, -64, 72, -6, -47, -7, -46, -47, -18, 60, -26, -1, 31, 7, -51, -77, -59, 93, -64]",-689,"True
"
"[-67, 14, 49, 71, -79, -95, -49, 10, 14, 34, -55, 16, 44, 63, -74, 14, -62, -93, 82, 10, -26, 48, 75, -60, 96, -5, -42, -75, 53, -68, -47, -47, -81, 33, -74, -21, 39, -91, -56, 28, 16]",-500,"True
"
"[-89, 80, -65, -20, -62, 6, -75, 10, -9, -58, -65, -22, 32, -99, -16, 72, 5, 18, 50, -63, -91, 81, -34, -70, 46, -29, -99, 69, -64, 71, -60, 57, -34, 52, -99, -21, -48, -36, 43, 82, 67, -78, 65]",-325,"True
"
"[34, -56, 18, -89, -4, 43, 68, 92, 62, -42, -3, -91, -3, -1, -38, 10, 91, -49, -71, 17, 14, 47, -87, -13, 85, -34, 11, -77, -11, 48, -12, 76, -81, -83, -73, -76, 93, -82, 6, -86, 43, 18, 26, 38, -62]",1000000,"False
"
"[-84, -9, 22, 73, 75, -40, 23, 3, 20, -38, -100, -99, 68, -58, -99, -78, -33, 62, 30, -100, 67, -27, 27, -96, 82, -9, 41, -48, -82, 17, 25, -17, 73, -19, 53, 42, -85, 6, -63, -95, 6, -88, 32, 59, 9, 52, -42]",-307,"True
"
"[-20, 90, -46, 33, -96, -82, -55, 43, -11, 53, 33, 24, -15, 66, -61, -57, 2, -98, 40, 55, -20, 57, 7, -72, 43, 65, 85, 96, 50, -12, 23, 2, 29, 23, -29, -92, 75, -2, -58, -94, -23, -72, 36, 66, 40, -38, 4, -75, -81]",-240,"True
"
[-83],1000000,"False
"
"[60, 2, -6]",-6,"True
"
"[-94, -63, 75, 78, -29]",153,"True
"
"[13, 77, 10, -71, 83, 35, -9]",-9,"True
"
"[40, 85, 14, -64, -30, 71, -55, 1, 91]",91,"True
"
"[96, 69, 16, -69, -88, 11, -46, -25, 13, 32, -35]",62,"True
"
"[36, -31, -95, -11, -74, -56, -29, 25, -77, -9, -71, -61, 96]",1000000,"False
"
"[-89, 95, -19, -28, -85, 79, -7, 34, -21, 73, 74, -73, 27, -95, -1]",56,"True
"
"[-60, -45, 91, 56, -32, -66, -38, 36, -89, -55, -85, -13, -35, -18, 81, 28, 40]",-138,"True
"
"[79, 22, -72, 8, -30, -42, -76, 48, 28, 12, 53, 43, -4, -26, -38, 6, -47, 10, -61]",1000000,"False
"
"[48, 100, 46, -67, -76, 29, -74, -39, -87, 15, 93, -51, 35, -47, 83, -89, 84, 35, -26, 43, 78]",217,"True
"
"[-69, 95, 71, -16, 64, -85, 67, -76, -52, 34, -62, -55, 33, 1, -10, 91, -99, 92, 69, 23, 17, -95, -32]",167,"True
"
"[-31, -28, 91, 60, 34, 95, -42, -65, 8, 2, 87, 67, -40, -95, -66, -97, -63, 54, -24, -45, -17, 40, -93, 87, -76]",1000000,"False
"
"[14, 38, 1, -55, -28, -100, -7, 91, 22, -60, -52, 14, -62, -72, 96, 84, 31, -20, -8, -94, -28, -18, 44, 90, -16, -21, 7]",-10,"True
"
"[69, -64, -100, -47, -69, 26, -18, 79, -32, -58, 30, -15, -2, -48, 78, 30, -26, 46, 30, 44, -8, -10, -55, 37, 75, 62, -20, 92, -53]",118,"True
"
"[-5, -15, -76, -52, 14, -32, -33, 74, -35, 69, -64, 51, 96, 94, -62, 20, 47, 53, -4, 22, -26, -99, -62, -8, 90, 66, -93, 82, 32, 23, 16]",15,"True
"
"[-56, 19, -18, 28, 87, -5, -13, -36, -84, 31, -84, -83, 27, -94, 13, -41, -80, 66, -85, -2, 73, -10, -20, -4, -77, -26, -56, 51, -69, 42, 48, -66, -4]",-418,"True
"
"[-23, -53, -96, 30, 6, 75, 89, 100, 18, 33, 60, 69, -44, 7, 28, 67, -30, 37, 13, -63, 83, -40, -32, 53, -7, 74, -41, -17, 21, 10, -33, 97, -75, -55, 60]",82,"True
"
"[-28, -74, 13, -16, 4, 38, -4, -74, -57, 34, 94, 8, 39, 37, -23, -98, 35, -12, 6, -30, -89, 94, -91, -19, -87, -21, -55, -53, -53, -98, -8, 73, -73, 45, 3, 28, 61]",4,"True
"
"[-1, -88, 58, 66, -28, -69, 18, 53, -23, -11, -76, -14, -51, -48, 83, 16, 90, -86, -39, 19, -11, -77, -35, 75, 87, 49, -88, -74, 29, -95, -73, 54, -6, 62, -38, 30, -4, 86, 47]",-171,"True
"
"[40, -86, 48, 78, 71, -98, 81, 56, -47, 59, -83, -13, -48, -37, 8, 26, -16, -83, -16, -83, 3, 30, 100, 43, -77, -8, -11, 58, -59, 18, 23, -37, 35, 61, -67, -19, 51, -59, 1, -81, -93]",-169,"True
"
"[-10, -38, 32, 61, 39, -20, -73, 78, 23, 1, -5, -81, 74, -79, 76, -62, -58, -49, 22, 86, -82, -70, -69, -7, 10, -48, 5, -94, -41, 2, -99, -12, 41, -46, -37, 0, -100, 75, -69, -12, -100, 58, 12]",1000000,"False
"
"[-40, 24, -81, 49, -13, 30, 46, -59, 99, -55, 91, 78, -59, -8, -77, -67, 17, -72, 30, -74, 85, -100, -70, 99, 72, 51, -6, -47, 2, -39, 24, -20, -89, -89, -65, 98, -60, 6, -59, 89, 99, -14, -90, 97, -85]",1000000,"False
"
"[90, 79, 32, 91, 10, 29, 90, 67, 58, -18, 19, 73, -3, -90, -47, -96, 28, -12, -84, 98, 66, -40, 28, 47, 26, -76, -48, -42, 50, -99, 67, -31, -74, 92, 4, 77, -52, 79, 96, 26, 89, 80, 35, -6, -13, 20, 0]",19,"True
"
"[58, -69, 62, 23, 99, 46, -43, 77, -17, -100, -16, 69, 82, -87, 72, -5, -79, -26, -11, 99, -21, 41, 4, 15, -67, -61, -28, -68, 16, -13, -64, 67, -20, 61, -18, -56, -64, -59, -24, 76, -37, -37, -45, -42, -52, -63, -91, 57, -11]",-265,"True
"
[-48],1000000,"False
"
"[-74, -22, 42]",-96,"True
"
"[81, 21, 26, -79, -15]",1000000,"False
"
"[-67, -31, -96, -2, 89, -3, -71]",-7,"True
"
"[-58, -35, -51, 13, -57, -14, 46, 52, 80]",80,"True
"
"[-87, 17, 38, -11, -24, 76, -70, -53, -6, 88, 88]",1000000,"False
"
"[-62, -28, 64, 100, -45, 15, -86, 28, 17, 74, 8, 65, 80]",33,"True
"
"[82, 66, -76, 7, 76, -67, -37, 85, -37, 27, 37, -73, -11, 22, -76]",1000000,"False
"
"[75, 5, -32, 63, 73, -47, 41, 91, -98, -31, 98, 7, -92, -31, 84, 65, 23]",147,"True
"
"[-25, 6, 23, 96, -97, 60, -4, -77, 87, 54, -68, -41, -73, -24, -23, 76, 7, -74, -63]",-41,"True
"
"[12, -64, -51, 96, -18, -26, -79, 51, -35, 43, 9, -8, -70, -70, 47, 31, 22, -24, -98, 55, -83]",-28,"True
"
"[1, 64, -82, -21, -23, -65, 77, 100, 42, -9, -23, -38, 54, -93, 38, -96, -39, -40, -15, -89, 49, -26, 20]",-65,"True
"
"[98, -22, -17, -99, -99, -79, -48, 45, -39, -83, -5, 85, -62, 60, -62, -45, -31, 52, -24, -93, 53, -3, -79, -20, 99]",1000000,"False
"
"[69, 6, -35, -34, -92, 63, -31, 10, -87, -9, -100, -83, 61, -89, 26, 30, 31, -13, -78, -56, 95, -29, 5, -7, 16, 59, -91]",-550,"True
"
"[48, 6, 10, -30, -78, 74, 68, 48, 40, -34, -34, -17, -73, -37, 36, -6, -8, 37, 50, -49, -22, 26, -41, 86, -52, 54, 46, 10, -20]",-6,"True
"
"[-31, 7, -36, 49, -20, 36, 17, -49, -13, -100, -39, -8, 21, 20, 48, 44, -21, -46, 90, -12, 45, 31, 41, -2, -6, 44, 22, -12, -94, 40, 24]",-114,"True
"
"[-51, 46, -78, 17, 87, 96, -60, -31, 37, 63, 93, -46, -46, 31, 77, 11, 19, -29, -50, -51, 24, -7, 20, 22, 0, -35, -34, -36, -82, 75, 6, -35, 14]",174,"True
"
"[-44, 60, -19, 89, 66, -23, -95, -7, -35, 43, -26, 9, -46, 37, 64, -68, 70, 15, -76, -93, 37, 7, -3, 37, -75, -53, 79, -41, -48, 11, -82, -6, -16, 23, 95]",1000000,"False
"
"[20, 41, -49, 26, 73, -67, -49, 86, 95, -13, 53, 21, 61, -62, 93, -25, -4, 59, -72, -67, 42, 65, -45, 37, -80, 68, -30, -45, 13, -92, -27, 48, 94, 94, -12, -24, 55]",1000000,"False
"
"[-37, 48, -71, 79, -91, -32, 41, 4, -45, 53, 94, 30, 33, -9, -45, -17, 6, -76, -71, -14, 10, -7, 91, 47, 0, 0, 69, -29, -68, 58, -98, -82, -40, -38, -37, 70, 26, -54, 57]",-47,"True
"
"[40, 1, 57, -71, 47, -54, 30, 81, 59, -95, -25, -60, 41, 10, 94, -95, 38, -98, 6, -94, 55, -31, -87, 76, 62, -5, -85, 24, -26, -64, -31, -29, 55, -31, 29, -6, -13, -73, 33, -12, -54]",1000000,"False
"
"[-61, -22, 14, 60, 89, -41, 2, 36, -82, -85, 67, 85, 4, -23, 64, -49, -62, 35, -28, -89, 28, 47, -89, -36, 37, 56, 2, 64, 41, 93, 27, 78, -13, 63, -86, 27, -37, 42, 100, -35, -73, 87, -15]",225,"True
"
"[32, -40, 95, 59, 80, -22, -99, 36, 35, -84, 2, 29, 65, 38, 88, -14, -61, 48, -32, -1, -7, -9, 12, -46, 60, 28, -70, 97, 6, 27, -26, -89, -94, 66, -51, 35, -28, 86, 7, -14, -77, -95, -32, 17, -74]",197,"True
"
"[81, 77, 93, 86, -83, -20, -65, 8, -90, -57, -15, -51, -61, -54, 83, 91, 32, -14, 24, -84, 57, -30, 48, 95, 2, -13, -48, -92, 70, 67, -4, -79, 62, -29, -83, -69, -39, -97, -70, -67, 21, -36, 69, -29, -15, -35, -97]",-495,"True
"
"[-80, -3, -65, 28, -59, -52, 63, -87, -97, 78, 23, -24, 20, -27, 42, -90, 78, -44, 27, -90, -93, 21, -8, 90, -75, -41, -58, -88, -33, -80, 11, 64, -56, 73, 24, -38, 88, 87, -27, -24, -39, -76, -63, -49, -56, 74, -14, -99, -77]",-203,"True
"
[33],33,"True
"
"[18, 53, -86]",71,"True
"
"[-57, -73, 5, 88, 28]",1000000,"False
"
"[-72, 75, 58, -17, -17, 60, -65]",39,"True
"
"[27, -10, 5, 12, 14, -53, -52, -44, 2]",-116,"True
"
"[-74, -41, 62, 36, 29, 17, 6, 18, 4, 56, -78]",-131,"True
"
"[-55, -92, -75, -20, -9, -57, -63, -12, 19, -25, 64, 70, 16]",1000000,"False
"
"[-64, 86, 10, 67, 96, -30, -92, 75, 24, 61, 29, 87, -99, 80, 59]",213,"True
"
"[-86, -79, -48, -60, -9, 45, -23, 55, -48, -26, 65, -47, 20, 97, -83, -8, 87]",35,"True
"
"[-26, -46, 74, -99, -83, -32, 48, 79, -8, -2, -74, 96, -51, 0, -50, -21, -96, 36, 16]",94,"True
"
"[-45, -46, -23, -15, 21, -77, 6, 54, -54, 69, -66, 92, -14, -39, 99, 7, -13, 97, 18, 8, 29]",60,"True
"
"[57, 16, -72, 13, -53, 91, 1, -85, 81, -2, -11, 95, 59, -65, 47, -58, -7, -23, 45, -72, 78, 30, 64]",15,"True
"
"[-48, 33, -13, 50, -44, -100, 77, 64, -95, 23, 29, 9, -86, -34, -16, 10, 13, 2, -30, -93, -28, 66, 23, -74, 63]",-228,"True
"
"[13, 15, 60, -58, 25, 55, -100, 21, -21, 54, 61, -49, -1, 19, 78, 70, 10, -82, -10, 71, -29, -87, 83, -40, -67, -89, -36]",91,"True
"
"[28, 30, -95, 74, 59, 73, -16, 4, 100, -98, -82, 95, 46, -51, 83, -13, -10, 1, 19, 27, 28, 24, 59, -43, 27, -5, -98, -66, -45]",1000000,"False
"
"[-32, -58, 39, 56, -59, 55, 81, -58, 83, -38, 33, 42, 91, 50, 6, -99, 35, -72, -32, 30, 41, 72, -79, -58, -98, -82, 27, 64, -28, -75, 87]",226,"True
"
"[-98, 24, -96, -11, -62, -53, -42, 57, -88, 1, 28, -95, -54, 15, -6, 28, -58, -92, -43, -37, -46, 95, -17, 46, -83, 85, -48, 44, -12, -21, 40, 6, -81]",-240,"True
"
"[-77, -92, 34, -71, -90, -67, -27, -22, 21, 54, 96, 80, -75, 24, 40, 2, 42, -29, -89, 32, 59, -45, -51, 11, 25, 59, 4, -32, 29, -23, 64, 63, 20, 32, -23]",-4,"True
"
"[94, 48, -35, -85, 61, 66, 99, -70, -87, -16, 26, 29, -4, 99, -92, 18, 88, 17, -93, 21, -67, 10, -29, 19, 33, 44, 6, 68, -82, 58, 20, -11, -17, 33, 18, -20, -41]",164,"True
"
"[-29, 44, 95, -88, -9, 3, 41, 100, -32, -13, 90, -29, 72, -56, -1, -69, -72, -52, 16, -5, -53, 36, -50, 71, 34, -25, -39, 3, 76, 96, -52, 82, -4, -83, -41, 79, -58, 89, -52]",137,"True
"
"[32, 78, 8, -4, 93, 32, -43, -93, 4, -78, 14, 32, 66, -88, -35, 16, 13, -86, -99, 86, -99, 60, 93, 37, 53, 74, -43, 84, 42, -52, 15, -82, -22, 50, -50, 89, 43, 65, -53, -95, 41]",63,"True
"
"[-47, 35, -36, 93, 22, 67, -19, -1, 49, -96, -56, 5, -45, 85, 81, -33, -68, 12, -9, 1, -87, 3, 48, 19, -31, 8, -2, -37, 35, -42, -82, 97, 22, -29, -64, 76, 75, 54, 3, -2, 58, 75, 16]",349,"True
"
"[-38, 64, 79, -35, 66, -42, 95, -86, 90, -66, 64, 64, 82, 95, -98, -41, 27, -27, -57, 2, 21, 31, -93, -45, -84, -45, -69, 74, -26, 11, 29, 78, 66, -45, -90, 20, -22, 87, 25, 30, -14, -95, -53, 36, -11]",398,"True
"
"[88, -24, -65, -58, 66, -31, -59, 98, 97, 54, 42, 15, -51, 58, -86, 83, -35, -89, -95, 92, -7, 86, -100, 56, 23, 25, -13, -42, -34, 12, -14, -95, 4, -25, -54, 57, -74, -62, 61, 53, -31, -51, 27, -33, 84, 88, -30]",314,"True
"
"[1, 11, -16, 52, -100, -5, 24, 73, -71, 45, -59, 45, 56, -75, 59, 71, -95, 20, 12, 8, -8, 28, -38, 14, -71, 98, 58, 95, -68, -92, -11, -70, 12, 66, 10, -48, 77, 70, 68, 61, -58, -28, 78, 61, 89, 79, -56, -1, -45]",1000000,"False
"
[70],70,"True
"
"[-14, 35, -24]",-38,"True
"
"[-26, -10, -47, 31, 56]",51,"True
"
"[62, 3, 54, 63, 89, 22, -38]",62,"True
"
"[94, 50, -23, -13, 13, -33, 3, -18, -88]",1000000,"False
"
"[-100, 22, 77, -34, -99, -62, 1, 56, 55, 60, -29]",-92,"True
"
"[-59, -23, -57, -87, -47, -84, 53, 77, 14, -68, -97, -37, -98]",-304,"True
"
"[-74, -40, 51, -26, -78, -79, 27, 43, 62, 32, 40, 20, 24, 45, 34]",-19,"True
"
"[31, -41, -43, -38, -82, 29, 90, -3, -28, -56, -85, -46, -98, -35, -6, 0, -36]",1000000,"False
"
"[-38, 54, 80, -86, -65, -21, 83, -15, -40, 25, -4, 53, 47, -13, -79, -26, 28, 76, -90]",-65,"True
"
"[-49, -32, -25, -53, 93, -100, -29, 65, 16, -86, -24, -76, 92, -29, 36, 28, 32, 59, -97, -37, -45]",-260,"True
"
"[-40, -92, 66, -84, 56, 70, 2, -47, 9, -89, -17, -20, -18, -63, 25, 85, 42, 28, -70, -90, -74, -56, 14]",-379,"True
"
"[-23, 68, -88, 6, 34, -6, 20, 97, 31, 44, -95, 85, -76, 2, 17, 34, -39, 72, 22, 42, -26, -1, -30, 77, -2]",178,"True
"
"[40, 84, -44, 61, -13, 12, -46, -7, -76, -64, 35, -70, -92, 73, -50, 59, -54, -22, 3, -96, 79, -24, -71, -49, -29, -44, 9]",1000000,"False
"
"[24, 13, -60, -95, 20, 63, -53, 6, 54, -20, 27, -82, -11, -37, 20, 48, 65, 56, 1, 18, 65, -79, 31, -36, 2, 89, -42, -25, 68]",1000000,"False
"
"[3, -34, -98, 64, 21, -88, -40, 49, -82, -38, -53, 18, -30, -83, 11, -28, 2, 45, -96, -84, 98, -4, -91, 26, 22, 46, -95, -31, 96, 97, 94]",1000000,"False
"
"[25, -21, -40, 37, -51, -29, -99, 74, 98, -63, -72, -62, -30, 24, 78, 7, 72, 3, -37, 47, 91, -42, 46, -71, 58, -17, 69, -33, -14, -19, 93, -54, -36]",1000000,"False
"
"[41, -53, -19, 38, 45, 78, 49, 72, 44, -84, -89, 74, -70, 87, -60, -30, -50, 36, -77, 84, -76, -39, -48, -82, -39, 42, -65, -57, 2, 13, 82, 62, 14, 62, 68]",1000000,"False
"
"[-13, 15, 41, 57, 69, 42, 17, -66, 64, -95, 91, 74, 29, 0, 65, -1, 44, -92, 58, -30, -23, 16, 100, 75, -84, -57, -72, -83, -22, -45, 71, -40, -78, 11, 51, 4, -81]",-203,"True
"
"[-14, 61, 61, -57, -60, 86, -82, 52, -4, 47, 69, 28, -77, -57, -38, 80, 40, 41, -34, 58, 99, -74, 74, -98, -77, 73, 41, -13, 53, 7, -23, 59, 48, 28, -45, -92, -3, -49, -70]",1000000,"False
"
"[16, -89, 24, -43, 91, 63, 44, 9, -22, 55, 29, -85, 90, -41, -60, 43, 57, -41, 91, -34, -23, -43, -74, -87, -45, 56, 1, 68, 61, -1, -3, -36, -79, 62, -15, -31, 27, -88, 1, -25, -9]",-9,"True
"
"[50, 7, -60, -9, 17, 31, -90, 81, -66, 29, -34, 0, 31, -80, -94, -90, -15, -30, -82, 29, 58, 32, -43, 19, -49, 68, -6, 15, 78, 45, -82, 52, -95, 78, -78, -33, 26, 84, 14, 14, -45, -43, -84]",1000000,"False
"
"[-41, -2, 41, 95, 80, -20, 76, -27, 70, -52, -23, -31, -50, -74, 13, 57, -38, 11, -41, 32, -78, -55, -74, 60, -99, -24, 36, 60, 61, 18, 90, -22, 19, 33, 63, -76, 60, -49, -66, -59, -5, 50, -31, -27, 38]",35,"True
"
"[-32, -62, -78, 99, -13, -2, -48, -37, -61, 67, 40, 70, -33, 64, -71, 58, 45, -52, 4, 1, 77, -13, 21, 21, 46, -58, 79, 98, 49, -60, -15, 92, 85, 17, -34, -44, -69, 54, -98, -87, 96, 97, 90, 96, 38, 64, 40]",400,"True
"
"[66, 33, 81, -62, -6, -37, -25, -78, 40, 65, 32, -31, -89, 40, 48, -18, 10, 96, 67, -15, -60, 85, -57, -51, 80, -54, -69, -19, -40, 14, -88, -35, 100, 11, -42, -30, -63, 61, 50, 23, 5, -28, -29, 56, 16, -50, 36, -58, -89]",1000000,"False
"
[-81],-81,"True
"
"[83, 88, 12]",83,"True
"
"[28, 16, -79, 95, -53]",60,"True
"
"[-35, 32, 36, 4, 10, 68, 16]",68,"True
"
"[-72, 50, -91, 60, -62, 90, -56, 39, -82]",1000000,"False
"
"[-99, 32, -80, 45, -70, 80, 28, -73, 26, -50, -40]",-77,"True
"
"[-91, -21, -38, 90, 90, 41, 74, 29, -52, -5, 74, -44, -85]",1000000,"False
"
"[-24, -28, 59, -24, -62, -13, -8, -31, -12, 59, 52, 53, -41, 71, 38]",81,"True
"
"[-6, 90, 1, -89, 22, 28, 50, -80, 78, 46, -20, -27, -7, -57, -65, -50, 48]",49,"True
"
"[-7, 74, 96, 36, -11, 61, 67, -99, -75, -58, -11, 43, 56, -47, -62, 29, 63, 64, 49]",202,"True
"
"[80, -52, 87, 12, 40, -51, 90, 55, 75, -44, -99, 18, -22, -1, -20, -73, 18, 29, 78, 57, -91]",289,"True
"
"[-97, -26, -4, 1, 27, -92, 49, -9, -100, 54, 41, 59, -64, 19, -92, 78, 89, -98, 80, -5, 36, 52, 42]",-9,"True
"
"[-49, 54, 81, 27, 29, 58, 96, -56, -33, -77, 58, -98, 58, 72, 53, 53, 20, 61, -72, 61, 9, -10, 40, 45, 20]",276,"True
"
"[-64, -64, -38, 73, -71, 18, 10, -85, -82, -42, -93, 100, 84, -14, -90, 91, -85, 66, 97, 0, -66, -75, -72, 6, -27, 29, -11]",-73,"True
"
"[57, -10, 37, 92, -100, -95, 1, 35, 38, 44, -3, -58, -5, -12, 66, 55, 98, -46, 32, 9, -36, -75, -68, -43, 5, 59, 81, 10, 35]",81,"True
"
"[81, -37, -8, 63, 19, 95, 14, 16, -99, -44, 20, -92, -74, 99, -55, 63, -2, 94, -94, 19, 6, 0, 31, -47, -83, -10, 41, 70, 12, -72, 67]",-61,"True
"
"[43, -49, 47, 1, 45, 6, 3, 18, 41, 91, -78, -55, -8, 61, -91, 42, -94, -86, -25, -90, 67, -15, 81, 52, 56, -92, -9, -11, 68, -43, 18, -2, 28]",-48,"True
"
"[-62, 67, 92, -42, 94, 59, -49, -98, -35, 66, 95, -36, 61, 11, -73, -92, 86, 64, 54, 62, -8, -39, -49, 89, -59, 77, 100, 19, -49, 32, -57, -75, 26, -33, 83]",1000000,"False
"
"[-6, 39, 39, -49, 68, 54, 37, 0, 74, 10, -77, -62, -22, 8, -31, 90, -61, 78, -69, 48, -66, 14, 5, -97, -62, 70, -77, -33, 22, 75, 81, 9, 51, 59, 22, -71, 43]",389,"True
"
"[-92, 72, 48, 6, -49, -100, 30, 33, 73, 73, 5, 70, 24, 19, 25, 72, 80, -69, 53, 31, -18, 39, 14, 34, -67, 77, 20, 70, -71, 40, 20, 27, 48, 14, -2, 28, 77, 96, 4]",469,"True
"
"[-20, 4, -43, 98, -72, -71, -72, -9, -51, 74, -83, -4, -37, 22, 11, 81, 38, -40, 69, -61, -47, 54, -37, 82, -79, -61, 89, 17, -29, 4, -95, -15, -1, -17, -3, 20, -82, -1, -78, 94, -63]",-153,"True
"
"[57, -59, 38, -36, 49, -13, -97, 4, 79, -100, 88, -33, -3, -58, -81, -15, 25, 9, 87, -91, 60, 48, 42, -57, 4, 73, 16, -28, -42, 48, 20, -65, -26, -74, -7, 67, 62, -49, 80, 21, -93, 52, -46]",-42,"True
"
"[-71, -32, -29, -85, -59, -91, -62, 29, -43, -89, -10, 10, -31, -24, -39, -46, -94, 1, 51, 85, 23, -81, 82, 14, -62, -71, -77, 17, -6, 4, 20, 49, 61, 86, 25, 9, 19, 60, 26, -82, 96, -1, -90, 7, -5]",-217,"True
"
"[-6, 44, -73, 94, -5, 13, 84, 3, 75, 87, -50, -35, 22, -89, -89, -82, 73, 34, -24, -66, -62, 42, 77, -62, 59, 79, 91, 2, 50, 24, 50, -64, -26, -5, -38, -61, 36, 13, -87, 80, -80, 87, -18, -84, -17, 85, 23]",384,"True
"
"[-16, 58, -9, 40, 9, 41, -96, -28, -94, -7, -68, -56, 25, 8, -86, 79, 29, -74, -95, 14, -93, -97, 99, -22, -24, -92, 0, -71, 22, -96, 69, -73, 3, 91, 62, -62, -16, -73, -48, -83, -21, 13, 82, 60, -58, 61, 34, -72, 39]",1000000,"False
"
[-28],-28,"True
"
"[63, -65, 62]",-3,"True
"
"[-63, 56, -46, 50, -41]",-48,"True
"
"[84, 71, -5, -71, -3, -66, -60]",-74,"True
"
"[68, 66, -53, 100, 33, -36, 53, 70, 90]",1000000,"False
"
"[39, 13, 63, 21, 7, 1, 59, -30, -23, -52, -1]",38,"True
"
"[33, 28, -39, 41, 5, -57, 26, 29, 95, -27, -25, -7, 34]",1000000,"False
"
"[-23, 67, 95, -70, 35, -99, -44, 25, 92, -67, -23, -28, -92, -92, -37]",1000000,"False
"
"[15, 64, 48, 64, 4, -10, 65, -64, -72, -1, -8, 5, 7, -70, 0, 0, -81]",1000000,"False
"
"[-18, -83, -18, -30, -13, -11, -100, -91, 58, 9, 19, -12, -76, -26, -43, 84, -93, 95, 100]",1000000,"False
"
"[61, 2, -32, 55, -57, 95, -68, -9, 0, -24, -99, -38, 96, 14, 81, 34, 84, -82, -13, 52, -65]",-62,"True
"
"[56, 60, -73, -24, 62, 86, -88, -28, -51, 42, 78, -57, 15, -28, 45, -12, 53, -2, 93, -33, 15, -75, -2]",79,"True
"
"[52, 29, 71, 70, 47, 67, 70, 45, -75, 35, -2, -46, 75, -79, 70, -98, -91, -57, 92, 20, -65, 31, 95, -7, -13]",182,"True
"
"[83, -19, -23, -11, 15, 69, 23, 75, -93, -38, -38, -98, 30, 80, -38, 26, -32, -84, -96, -26, -89, -83, -28, -50, -73, 34, 84]",-318,"True
"
"[-56, 24, 12, 7, -38, -77, -78, -47, 17, -37, -87, -87, 65, -75, 76, 96, 32, 78, 54, -43, -64, 62, 16, 10, -69, 44, -10, 83, 77]",-41,"True
"
"[-30, -97, 21, -46, -37, 52, 55, -1, -89, 60, -21, -25, 60, 58, -72, -97, -57, -37, 61, 29, 60, -53, 35, -12, 52, -31, -75, 51, 59, 35, 5]",1000000,"False
"
"[44, -5, 88, -34, 29, 90, -87, 78, -49, 11, 13, 78, -62, -83, -93, 89, 12, -2, -28, -6, 61, -18, 34, -2, -83, 68, -68, -37, -100, -77, 81, 86, -19]",-47,"True
"
"[82, -63, -64, 33, -38, 27, -74, -6, 71, -94, -12, 40, 12, -70, -75, 18, 54, 44, 36, -71, -23, 92, -83, 5, 13, -90, 26, 50, -70, 21, -45, 63, -82, 70, -55]",-253,"True
"
"[4, 31, 98, -76, -60, 68, -57, -3, 58, 33, -7, 84, -21, -30, 0, -81, -94, -74, 5, 47, 89, -13, 39, 60, -26, -45, 80, -94, 29, 7, 89, 49, 65, 70, -56, 62, 44]",1000000,"False
"
"[93, -15, 81, 87, 24, 15, 3, 59, -66, 94, 40, 1, -17, -40, 67, -42, -15, 44, -41, 33, 74, -99, 85, -89, 85, 46, 32, -83, 56, 75, -81, -5, -62, 21, 17, 45, 49, -8, -34]",80,"True
"
"[-12, 58, -6, 99, 84, 59, -55, 50, 62, 71, -94, 50, -40, -2, -25, 97, -81, 91, 31, -89, 40, -85, -68, 53, -77, 72, -86, 46, -93, -32, -92, 77, 48, 58, 19, -68, 27, 95, 86, -41, 33]",220,"True
"
"[-3, 2, -30, 32, 1, 23, 58, 73, -3, 56, -36, -81, 86, 25, 20, -87, -37, -43, -60, 49, -7, -88, -85, -6, 19, -45, 70, 94, 40, 65, 78, -80, -95, -9, 5, 87, 72, -95, -37, 74, 24, -71, 88]",185,"True
"
"[21, 30, 93, 28, -67, -93, -53, 48, -87, 98, 10, 17, 48, 92, 31, -18, -47, -94, -47, 89, -42, -28, -74, -69, -25, -47, 75, 23, -72, -57, -9, -87, 24, -66, 27, 100, 93, -21, -48, -82, -72, -14, 14, 43, -70]",-433,"True
"
"[11, 72, -56, 71, -73, -54, 17, 87, 39, -13, 90, 90, 40, -80, -1, 57, 21, -69, 69, -63, 57, 73, 93, 7, 81, 100, 35, -71, 39, 98, 90, -61, -75, -12, -34, -57, -60, -31, -4, 6, -1, -38, 64, -15, -38, -54, -26]",269,"True
"
"[32, -1, -75, 53, 100, -10, 89, -59, -76, 7, 12, 15, 70, 8, 7, 7, 76, 95, 27, -37, -44, 7, -62, -10, -97, -25, 62, -3, 30, 45, 92, 18, 39, -67, 76, -70, -78, -94, 19, 35, -34, -50, 69, 9, 74, -63, 32, -6, 85]",657,"True
"
[15],15,"True
"
"[95, -30, 88]",88,"True
"
"[-66, -75, -83, 25, -21]",-149,"True
"
"[89, -35, -93, 14, -45, 40, -70]",-114,"True
"
"[78, -46, -13, -32, 91, -45, -93, 78, 89]",213,"True
"
"[100, 25, 79, -27, -23, 96, -99, 82, 13, 84, -85]",1000000,"False
"
"[-80, -16, 54, 0, -11, -18, 54, -59, -60, -52, 9, -90, -18]",22,"True
"
"[4, 8, -90, -53, 23, -85, 86, -95, 34, -5, -73, -81, 37, 3, 77]",-182,"True
"
"[79, 56, -80, 64, -75, 96, -6, -73, 59, 56, 97, 51, -70, -52, 86, -39, -14]",147,"True
"
"[-99, -38, 71, 31, -91, 10, 79, -64, -56, -58, -69, 83, 99, 55, 4, 83, -20, -60, -20]",137,"True
"
"[12, -80, -42, -89, -30, 76, -57, -7, -55, -90, 95, 54, -58, 88, 65, -66, 46, 40, 23, 7, -14]",67,"True
"
"[86, 44, 88, -78, 94, 34, 84, 43, 24, 70, -73, -75, 63, -49, 92, 91, -12, -30, 60, -43, 62, -22, -35]",494,"True
"
"[50, 38, -25, 68, -46, -17, 87, 15, -32, -88, 12, -47, 52, 78, 27, 43, -37, -33, 23, -6, -93, -55, -28, -81, -85]",-313,"True
"
"[26, -94, -95, -98, -33, 87, -67, -32, 15, -16, -40, -43, 10, -55, -64, 7, 96, -3, -76, -93, -41, 37, 60, 53, 58, 97, 75]",56,"True
"
"[53, 72, -95, -88, 62, 17, -47, -86, 58, -53, -5, 34, 70, 95, 96, 25, 14, 59, 17, 2, -26, -44, -59, 28, 79, -68, -85, 59, 25]",147,"True
"
"[21, -59, 40, 10, 31, -55, 39, -28, -96, -31, 43, -46, 76, 15, -96, -4, -47, -65, 37, 53, 65, -33, -11, -100, -40, -42, 16, 32, -58, 90, 60]",1000000,"False
"
"[-73, -45, 8, -21, 30, -71, 89, 53, 44, -2, -28, 36, 83, 23, -96, 2, 0, 27, -29, 5, 17, 35, 29, 58, 76, 91, 84, -14, -9, -12, -52, 23, -20]",72,"True
"
"[52, 42, 33, 5, -40, -49, 31, 48, -67, -54, 83, -15, -20, 66, 0, -67, 99, 32, -83, 29, -41, -37, -88, -13, 0, 69, 21, -85, -66, 20, 58, 11, -80, 14, 73]",-214,"True
"
"[-88, 30, 4, -11, -80, -84, -88, 2, -18, -56, 95, -71, 87, 16, 23, 31, 37, 10, -1, 68, -49, 87, -59, -83, -90, -60, -18, -22, -11, 47, 98, 45, -29, 39, 28, -81, 76]",49,"True
"
"[-71, 100, -8, 86, -85, -75, 24, 76, -40, 65, -86, 73, -35, -16, -66, 15, -41, -62, -44, -84, 17, -32, 67, 62, 5, 71, 80, 58, -63, -11, -39, 7, 41, 76, -36, 17, 70, -86, 5]",90,"True
"
"[61, -51, 76, -38, -56, -72, -12, -95, 67, -50, 28, 24, 9, 9, 53, 37, 5, 21, -89, 67, -72, -78, -10, -97, 62, 29, -10, 53, -48, 31, -21, -89, -85, 34, -53, 86, -91, 7, -68, -63, 29]",-35,"True
"
"[6, -83, 94, -69, 18, 35, 95, 81, -1, 64, 56, 40, -10, 84, 60, 39, -53, 77, 17, 77, 29, 18, -6, 90, 66, 80, 82, 46, -23, -62, 26, -37, -84, 13, -9, 38, -32, -89, -81, -83, -72, 5, 50]",272,"True
"
"[88, -16, -60, -69, -10, 46, 80, 12, 95, 46, 42, 89, 23, -66, 31, 80, 49, 3, -6, 57, -64, 72, 42, -95, 90, 77, -8, -46, 24, -83, -6, 64, 55, 22, 54, -71, -95, 64, 24, 1, -12, -50, -32, 24, -98]",1000000,"False
"
"[-16, -41, -3, -70, 59, 22, 44, 44, -35, 18, 60, -35, -75, 70, 3, -25, -64, -86, -5, -71, 33, 60, -20, -85, -73, -2, -98, -94, 88, 94, 79, 79, 3, 13, -30, 76, -94, 70, 22, -93, 99, 42, -54, 71, 86, -65, 81]",-210,"True
"
"[44, 22, -71, -89, -82, -15, 26, 44, 52, -23, -21, -39, -3, -25, 35, 24, 41, -24, -6, 60, -69, 25, -43, -21, 79, -52, -100, 56, 51, -42, -61, 78, -50, 97, -56, -82, 87, -7, 24, 56, -8, 4, 77, 8, -37, 4, 47, 8, -2]",1000000,"False
"
[43],1000000,"False
"
"[-97, -95, 45]",-52,"True
"
"[70, -33, -47, 99, 50]",40,"True
"
"[-42, -57, -76, 9, -31, -93, -41]",9,"True
"
"[3, -29, -62, 24, -91, -37, -15, 9, 73]",23,"True
"
"[-62, 47, -86, -89, -19, -26, 60, -75, 63, 24, -40]",-26,"True
"
"[-53, 4, 46, -80, -82, 65, -6, -92, 9, 97, 97, 69, -89]",69,"True
"
"[50, -56, 79, -25, -52, -61, 5, 87, 74, -93, -74, -3, 70, 12, -60]",-91,"True
"
"[-70, -41, 97, 62, 86, -81, 22, 45, -79, 87, -10, 43, 96, -78, 96, -41, -44]",-35,"True
"
"[48, -92, 20, 77, -47, 11, 95, 98, 57, 41, 93, 68, 19, -34, -35, -92, -93, -65, 86]",-179,"True
"
"[-49, 54, 34, 46, 64, 52, 27, 44, -61, -44, -75, 35, 34, -70, 2, -6, 46, 14, 4, 70, 62]",309,"True
"
"[38, -90, -91, -23, 44, 10, 2, -76, 54, -26, -44, 28, 37, -75, -81, -11, 63, -41, -49, 51, -69, -97, -10]",-443,"True
"
"[-26, 0, 57, -51, -73, -4, -88, -59, -37, 0, 35, -17, -72, -31, -15, -7, 28, -37, 51, -98, -1, 62, -88, 76, -28]",-129,"True
"
"[93, -21, -100, 18, -20, 3, -7, -73, -24, 29, -62, -44, -43, 47, -69, 61, 5, -65, -10, 36, 92, 21, -88, 90, 53, 90, -40]",-104,"True
"
"[-45, 86, 36, 98, -71, -38, 73, 88, 49, -30, -22, -80, 69, 31, 43, -45, -25, 99, -81, -12, 97, 28, 16, -33, -21, -44, -27, -54, 35]",1000000,"False
"
"[-39, 93, -22, -25, -8, -10, 31, -4, 18, -41, -78, 57, -4, 61, 20, 10, 90, -95, 80, -60, 18, -6, 41, 69, -53, -99, -41, 84, -60, 7, -65]",1000000,"False
"
"[64, 71, 81, 80, 50, -91, -67, 12, 37, 11, -48, 8, 78, 62, 10, 65, -80, 84, -73, 60, 69, 17, -72, -68, -77, -78, 19, -41, 32, 26, 74, 78, -72]",84,"True
"
"[-64, -94, 62, 51, 44, -53, 84, 53, 41, -63, 37, 51, -27, -59, -18, -19, -46, -59, -4, -11, 98, 16, 14, 21, -27, -63, 63, 33, -83, -35, 19, 25, 79, -1, 28]",37,"True
"
"[16, -47, 20, -16, 25, 32, -21, -47, 55, 25, -12, 86, 29, -89, -30, -88, -46, -67, -76, 58, 18, -82, 94, 49, -4, -91, 27, 32, 100, 89, 33, 11, 27, -81, -28, -65, -42]",-160,"True
"
"[86, 5, -9, -72, -80, -68, -79, -82, -27, -32, -89, -58, -56, 68, -22, -33, -5, 77, 59, 49, 2, -27, 90, 74, 25, -65, -75, -88, 77, -38, 40, -26, 27, -85, -94, -68, -57, -13, -72]",-118,"True
"
"[-90, -17, 11, -72, 83, -69, 12, 9, -29, -87, -2, 27, 99, 21, 8, -85, -68, -51, -29, -49, 39, -47, 54, -90, -36, -82, 0, -91, 91, 52, -72, -33, -62, -50, 22, -69, 97, -81, 7, -13, -68]",-68,"True
"
"[13, -26, -38, -63, -5, -5, 28, -45, -61, -98, -41, -20, -60, -44, 80, -74, 39, 54, -100, 99, 10, -35, 66, 2, 54, -65, 9, 86, -92, -84, -19, 3, 39, 51, 82, -8, 44, -62, 17, -37, 37, -62, -88]",-497,"True
"
"[-46, -88, -67, -77, -26, -82, -80, 61, 0, -98, -65, 87, -42, -15, -93, -26, -78, -5, -43, -44, 43, -75, 48, 67, 9, -25, -19, 91, -15, -52, -82, -28, 73, 34, -87, -90, 78, 60, 73, 49, 15, -41, 18, 1, 93]",-412,"True
"
"[78, -1, 47, -93, -34, 80, 69, 32, -11, -59, 15, 58, 95, -39, 99, -18, 90, -71, 61, 70, 100, -30, -47, 67, -18, 61, 80, -15, 39, 48, -75, 7, 91, 29, 61, -33, -48, -51, 98, 89, 15, -99, -30, -13, -79, -19, -99]",126,"True
"
"[-29, 99, 64, -5, -85, -73, -77, -35, 30, -98, 43, 47, -93, -46, 5, 97, 74, 66, -35, 93, -63, 24, -73, -64, -15, -96, 72, 89, 84, -25, 19, -26, 78, -57, -45, -9, 29, 62, 51, -63, -57, 20, -68, 32, -80, -45, 38, 93, -60]",-18,"True
"
[63],63,"True
"
"[42, 83, -55]",125,"True
"
"[99, -27, 59, -4, -22]",109,"True
"
"[67, -22, -2, -79, -80, 23, 82]",1000000,"False
"
"[-16, -18, 73, 90, -67, 76, -49, 17, -76]",1000000,"False
"
"[88, 13, 39, 3, 93, -89, 73, -71, -96, -32, -75]",104,"True
"
"[45, -95, -22, 42, 79, 47, 49, 34, 41, 60, -43, -81, -52]",123,"True
"
"[46, 82, 63, -84, -33, -43, 86, -93, -89, -95, -75, 3, 33, 23, 87]",23,"True
"
"[64, 98, -49, 8, 42, -43, 92, 97, -5, 59, 33, 92, -57, -37, -11, -19, 93]",174,"True
"
"[78, -19, -19, -61, 66, -77, -84, 73, -20, -76, -70, 13, 42, 55, 97, 91, 20, -15, 11]",-2,"True
"
"[3, 87, -74, -38, -5, -72, 65, -39, 41, 19, -85, 27, 72, 2, 24, 47, -20, -9, -93, -6, 3]",-9,"True
"
"[-43, -90, -46, 89, -60, -61, -91, 47, -89, 24, 59, -68, -60, -34, 91, -10, 14, -23, 93, -13, -99, 94, 47]",-149,"True
"
"[9, -12, 20, 32, -80, -6, -95, 68, 80, 94, 60, 3, -66, 28, 39, -84, -36, 31, -76, -92, 98, -72, -35, 92, 51]",-31,"True
"
"[67, 95, 85, -77, 10, 23, -99, 9, 24, -34, 67, -100, -93, 48, -45, 31, 78, -25, -88, 46, -65, -64, 52, -26, 25, -3, 23]",339,"True
"
"[95, -65, 31, -13, 64, 75, -74, 98, 100, 78, -43, 83, -96, -32, 12, -31, -96, -41, -86, 59, 18, 26, -43, -45, 36, -53, -80, 28, -80]",-36,"True
"
"[-25, 45, -99, 13, 88, -86, -9, -76, 0, -28, 36, 50, -93, -58, -58, -100, -6, -69, 81, -22, -48, 13, -84, 87, 37, -43, 88, 69, -68, 50, 65]",-222,"True
"
"[-13, -25, 92, 62, 27, 77, -94, -93, 83, 63, 14, 74, 28, 83, -12, 6, -56, -12, 62, 39, -64, -70, -71, -11, 72, -46, -100, -60, -53, -75, 65, -59, -88]",-84,"True
"
"[-11, -26, -16, -76, -58, -35, -100, -3, -18, 68, 93, 30, 5, -70, 39, 31, -82, 62, 84, -98, -21, 53, 17, -56, 55, 1, -10, 79, 11, 76, -94, -85, 92, 29, -89]",282,"True
"
"[-75, -69, 32, -43, 8, -14, 79, -27, 17, 47, 41, -70, 38, 22, 54, -96, 93, 53, 0, -60, -81, 45, -52, -15, -89, 91, -76, 66, 87, -70, 42, 72, -42, 35, -7, 55, 67]",-40,"True
"
"[41, -59, -90, 47, -2, -94, -19, -88, 99, 69, 65, -4, -11, -99, 65, -87, -13, 99, 91, 99, 38, 73, -86, 21, 10, -64, 88, -5, -47, -69, 86, -71, 89, 38, -64, 50, 38, -74, -50]",93,"True
"
"[-14, -76, -98, 93, -61, 53, -17, -70, -84, 5, -32, -56, 36, 32, 4, -57, -96, -82, 100, 69, -60, 63, 86, 3, 69, 63, 71, -8, -18, 8, 59, 89, -2, -70, -51, -83, -13, 23, -43, -24, 67]",93,"True
"
"[89, -64, 64, -19, -55, -96, -75, -26, -24, 99, 64, -47, 67, -72, -3, 74, 33, 46, 8, -8, -86, 78, 47, -34, -50, 47, 66, 38, 0, -49, 73, 16, 46, -18, -46, 3, -69, -50, 80, -70, 25, -63, -6]",1,"True
"
"[94, 56, 20, 26, 12, 76, 17, -37, 37, 100, -56, -28, -21, 92, -30, 77, 70, 34, 95, -77, -90, -1, -8, 0, 7, -92, -19, 94, 95, -35, 38, 26, 32, -40, -46, 61, 98, -37, 74, 36, 65, -5, -76, 22, -12]",175,"True
"
"[66, 32, -39, 67, -87, 60, -44, -26, -92, 93, 45, 11, -87, -6, 76, -3, -36, -69, -24, -23, 21, -1, 26, 74, -95, 96, -61, -41, -43, -30, 20, -48, -66, 68, 96, -54, -37, -38, 33, 40, 5, -42, 8, 30, 82, -93, -17]",-483,"True
"
"[5, -31, -91, -33, 20, -29, 86, 0, -78, -6, 52, 75, -1, -14, 71, 52, 23, -54, 1, -36, -8, 41, -67, -98, -98, 89, 45, 8, 86, 74, -95, 86, -91, -17, 41, -97, 46, -49, 54, -91, 8, -44, 65, -81, 52, 21, -92, 36, -74]",-164,"True
"
[-32],-32,"True
"
"[-100, -87, 21]",-187,"True
"
"[-2, 81, 64, 39, -10]",174,"True
"
"[56, 8, 70, 5, -25, -3, -84]",1000000,"False
"
"[10, -9, 59, -8, 51, -91, 20, -46, 86]",10,"True
"
"[-53, -89, -39, -39, -86, -99, 44, 83, 12, 100, 64]",-39,"True
"
"[-42, 46, -100, -73, -55, 12, 42, 75, -47, 92, -3, 94, 44]",-4,"True
"
"[-67, 46, -35, -65, 53, -16, -91, -29, 19, 69, -39, -68, 32, 23, -33]",1000000,"False
"
"[-27, -17, -82, -82, -92, 98, -74, -72, -53, 42, 51, 84, -79, -98, 14, -88, -39]",-96,"True
"
"[-18, -81, 78, 48, -19, 18, -10, 3, 77, -19, -74, 7, 83, 69, 6, -20, -89, -87, -76]",-21,"True
"
"[19, 84, -7, 44, 36, 31, 46, -45, -36, -1, 30, -65, 89, -81, -91, 64, 68, 94, -24, -80, -19]",1000000,"False
"
"[-76, -77, 18, -5, -74, -8, 46, -73, 93, 43, -8, 75, -77, -15, -96, 86, -66, 95, 68, -29, -13, -85, -22]",-403,"True
"
"[41, 95, 23, 73, 11, -11, 74, 44, -24, -30, -37, -6, 94, -63, -2, -43, -46, 29, -99, 43, -5, -32, -85, 33, 55]",1000000,"False
"
"[87, -54, 78, -72, -33, -35, -70, -48, -42, -74, 83, 63, -71, 71, 51, -87, -43, -40, -42, 6, 11, -92, 84, -59, -16, -2, -29]",150,"True
"
"[1, -44, 45, -8, -21, 11, 8, -82, 8, 62, -87, 35, -49, 64, 6, -83, -91, 12, -17, -11, 82, 7, -55, 8, 38, 54, 42, 93, -26]",-240,"True
"
"[-62, -28, -1, -41, 75, 19, -48, -41, 20, 94, -91, 7, -77, -96, -71, 53, 28, -92, -27, 57, 12, 26, 42, 15, -18, 12, -2, 95, -3, -100, 56]",-13,"True
"
"[-14, 29, 1, -59, -15, -23, 18, -96, 0, -92, -58, 9, -94, 53, 10, 43, -47, -76, 45, -15, -17, -32, -18, 38, -82, 86, -70, -68, 100, -39, 39, -5, -16]",-389,"True
"
"[63, 36, -24, 50, 54, 74, -6, 88, 22, -94, -67, 8, 30, 80, -85, -79, -42, -95, 87, 38, -20, 64, 28, 7, 76, 48, 13, 95, 24, 1, 21, 22, 20, -86, 81]",1000000,"False
"
"[-55, 20, 29, 83, -92, 70, 36, -27, 14, 93, 96, -63, -20, -36, -68, -94, -65, 81, 0, -89, 59, 43, -40, -65, -15, 2, -39, 82, 13, 76, -19, 15, -44, -31, 11, -4, 74]",172,"True
"
"[14, 3, -51, -3, -22, -84, 33, 86, -67, 15, 41, 24, 8, 67, 14, 48, -8, 74, -51, -81, -84, -75, -86, -29, 54, 48, -40, -63, -74, -73, 80, 36, -3, 75, 82, 96, 54, -83, 99]",-173,"True
"
"[73, 94, -10, 19, 82, -86, 95, 8, -73, 28, 80, -59, -100, -19, 83, 80, 86, -88, -73, -99, 17, 19, 42, -36, 0, 52, 58, 62, 1, 76, 9, 13, -77, 78, -24, -86, 60, 63, 50, -2, -95]",395,"True
"
"[-8, -6, -96, 56, 68, -91, 54, 69, 15, -22, 22, 38, -20, -44, 99, -11, 75, 5, 97, -48, 62, -90, -94, -48, 74, 86, -67, 14, -66, -44, 51, -54, 80, -96, 92, -74, 67, 37, 56, 0, -12, 45, -17]",115,"True
"
"[-76, -78, -39, -64, 22, -71, 82, -61, 46, -53, 94, 88, 65, 34, 74, -56, 96, -69, -17, 71, -40, -65, -15, -50, 9, -62, -89, 70, -57, 48, 57, -16, 73, 65, 90, 7, 75, -67, 37, 57, -2, -54, -53, 18, -40]",154,"True
"
"[97, -63, -75, 63, 42, 73, -100, 77, 87, 13, -75, 70, -70, 34, 31, -57, -16, 33, -94, -59, -17, -6, 4, -39, 18, -9, 0, 83, -75, 67, -37, -64, 90, -98, -81, -35, 43, -94, 72, 5, 62, -98, -94, -55, 70, -20, 26]",1000000,"False
"
"[54, -20, 13, -19, -26, -24, 35, 5, 37, -96, -21, -22, -48, -6, 58, 75, 13, -39, 5, -1, -72, -14, -33, -20, -93, -90, -87, 19, 73, -79, -27, -11, -31, -7, 54, 37, -19, -98, 55, 86, 17, -55, -33, -57, -86, 27, -60, -10, -60]",-705,"True
"
[36],36,"True
"
"[36, 34, -94]",-60,"True
"
"[71, -45, 84, 0, 32]",1000000,"False
"
"[-8, 26, -83, 71, 71, -43, 32]",-5,"True
"
"[31, -30, 66, -51, 58, -31, 68, 38, -60]",35,"True
"
"[52, 99, 22, 27, -81, 13, -34, 37, 34, 32, -60]",59,"True
"
"[47, -22, -79, 24, -2, 63, -60, 84, 91, -60, -22, 41, -88]",227,"True
"
"[62, -41, 99, -41, 39, 71, 26, 93, 33, 4, 89, -53, 4, -19, -96]",170,"True
"
"[-97, 5, -97, -8, 29, 27, 52, -60, -40, -74, -67, -29, 19, -16, 16, 3, -83]",-220,"True
"
"[-99, -81, -92, 81, -8, -3, -4, -33, -56, -16, -80, 76, 75, -33, -98, -85, -96, 90, -79]",1000000,"False
"
"[-89, -1, 71, 21, -52, 34, 16, -23, 26, 9, 21, -95, -50, -93, -34, 52, 67, -21, -48, 15, 4]",25,"True
"
"[79, 96, 49, 70, 69, 75, -80, -32, -46, 91, -98, 79, -78, -86, 61, -21, 43, 20, -28, -85, 75, 1, 53]",121,"True
"
"[42, -24, 31, 73, -41, -77, 59, 29, 97, -22, 80, 58, 22, -89, 26, 46, -89, 16, 36, -78, -22, 8, -95, -66, 95]",-85,"True
"
"[8, -83, 93, 33, 77, -81, -14, 40, -33, -21, -46, -17, 98, -52, -89, 90, 40, 76, 83, 77, -24, 79, -30, 8, 35, 75, -55]",1000000,"False
"
"[-24, 31, -68, 50, -32, 100, -90, -81, -35, -90, -59, 34, 35, -81, -78, 57, 94, 64, -88, -21, -46, -31, -46, 31, 29, -72, -11, -70, 75]",160,"True
"
"[78, 32, -69, 22, -29, 11, 72, 23, -79, -24, 37, 81, -49, -62, 73, 8, 64, -12, -24, -39, -15, 49, 35, 89, 17, 37, -43, -60, 23, -33, -76]",123,"True
"
"[-11, 96, -5, -85, -71, -90, 22, -19, -88, 62, 100, -65, -72, 63, -40, -38, -21, -23, 25, 88, 21, -22, -15, -39, -92, 14, -75, -13, 57, -14, -26, 19, 7]",-320,"True
"
"[-78, -96, -89, -94, -5, 95, -92, -72, -73, 80, -8, 86, 40, -67, -23, 14, -97, -59, -2, 58, 33, 17, -2, -75, -16, -60, -70, 66, 21, -22, -50, 76, 95, 43, 40]",-64,"True
"
"[-70, 45, 11, -40, 54, 81, 37, 2, -28, 46, 29, 42, -56, -41, 18, -42, 38, 94, -87, -7, 23, -32, 42, -52, 55, 1, 64, -55, 50, -3, -23, -45, -4, 74, 24, 38, 57]",205,"True
"
"[-1, -98, 24, -57, -27, 15, 99, 13, 77, -78, 52, -20, 22, 54, -32, -69, -24, 11, -40, -80, -85, -68, -92, -26, 83, 7, -4, 43, 26, -64, 25, 77, -43, 31, -6, 48, -100, -52, 95]",-47,"True
"
"[67, -23, -96, 65, 49, -64, 37, -5, -89, 47, 92, -38, -34, 80, -57, 49, -51, 4, 92, -25, 19, 16, -39, -28, 44, 19, 97, 64, -15, -4, -22, -43, -37, -85, 4, 69, 85, 2, -1, 82, 29]",1000000,"False
"
"[-60, -79, -4, 66, 50, 8, -40, -77, 5, 82, -56, -74, 1, 85, -76, -35, 24, 89, 65, 1, -99, 38, -93, 28, 38, -48, -58, 27, -36, 84, -43, 94, 63, 4, -1, 7, 27, 30, -65, -35, 8, -19, -55]",-214,"True
"
"[76, -17, 19, 29, -73, 30, -99, 94, 69, -62, -9, -75, 75, 2, 99, -91, -97, 23, -63, 19, 44, -75, 20, -98, -55, -98, -27, -19, 59, 52, -81, 53, 1, -48, 51, 52, -52, -78, -4, -78, -98, -20, -94, -94, -68]",-609,"True
"
"[-13, -42, 24, 40, -31, 20, 76, 26, 92, 25, 86, 90, -76, 14, 2, -77, 88, -97, -43, -60, -96, -20, 79, -2, 58, 59, 95, -26, -99, 44, 86, 19, -52, -93, -82, 48, -4, -52, 34, 93, 11, 6, 14, -31, -9, -26, 2]",1000000,"False
"
"[1, 16, -41, 46, -49, 11, -4, -76, 54, 91, -61, -65, -66, 94, -66, 91, 13, 10, -79, 20, -64, 61, 44, -93, 1, -99, 82, -94, -11, -72, -71, 87, -92, -37, -34, -77, -87, 22, -58, -52, 76, -43, 92, -80, -51, 57, 71, -73, 62]",-563,"True
"
